iter	Logloss
0	0.5496356795
1	0.4928251679
2	0.4561920797
3	0.4347348162
4	0.4168438661
5	0.4041543128
6	0.3957704313
7	0.3867333939
8	0.3784235505
9	0.3717271075
